object_key,fruit_type,view,image_file,weight_g,split,variant
apple001,apple,side,apple001S(1).JPG,244.5,dev,1
apple001,apple,side,apple001S(2).JPG,244.5,dev,2
apple001,apple,top,apple001T(1).JPG,244.5,dev,1
apple001,apple,top,apple001T(2).JPG,244.5,dev,2
apple002,apple,side,apple002S(1).JPG,232.5,dev,1
apple002,apple,side,apple002S(2).JPG,232.5,dev,2
apple002,apple,side,apple002S(3).JPG,232.5,dev,3
apple002,apple,side,apple002S(4).JPG,232.5,dev,4
apple002,apple,side,apple002S(5).JPG,232.5,dev,5
apple002,apple,side,apple002S(6).JPG,232.5,dev,6
apple002,apple,side,apple002S(7).JPG,232.5,dev,7
apple002,apple,side,apple002S(8).JPG,232.5,dev,8
apple002,apple,top,apple002T(1).JPG,232.5,dev,1
apple002,apple,top,apple002T(2).JPG,232.5,dev,2
apple002,apple,top,apple002T(3).JPG,232.5,dev,3
apple002,apple,top,apple002T(4).JPG,232.5,dev,4
apple002,apple,top,apple002T(5).JPG,232.5,dev,5
apple002,apple,top,apple002T(6).JPG,232.5,dev,6
apple003,apple,side,apple003S(1).JPG,219.0,holdout,1
apple003,apple,side,apple003S(2).JPG,219.0,holdout,2
apple003,apple,side,apple003S(3).JPG,219.0,holdout,3
apple003,apple,side,apple003S(4).JPG,219.0,holdout,4
apple003,apple,side,apple003S(5).JPG,219.0,holdout,5
apple003,apple,side,apple003S(6).JPG,219.0,holdout,6
apple003,apple,top,apple003T(1).JPG,219.0,holdout,1
apple003,apple,top,apple003T(2).JPG,219.0,holdout,2
apple004,apple,side,apple004S(1).JPG,234.0,holdout,1
apple004,apple,side,apple004S(2).JPG,234.0,holdout,2
apple004,apple,side,apple004S(3).JPG,234.0,holdout,3
apple004,apple,side,apple004S(4).JPG,234.0,holdout,4
apple004,apple,top,apple004T(1).JPG,234.0,holdout,1
apple004,apple,top,apple004T(2).JPG,234.0,holdout,2
apple004,apple,top,apple004T(3).JPG,234.0,holdout,3
apple005,apple,side,apple005S(1).JPG,212.5,holdout,1
apple005,apple,side,apple005S(5).JPG,212.5,holdout,5
apple005,apple,side,apple005S(6).JPG,212.5,holdout,6
apple005,apple,top,apple005T(1).JPG,212.5,holdout,1
apple005,apple,top,apple005T(5).JPG,212.5,holdout,5
apple005,apple,top,apple005T(6).JPG,212.5,holdout,6
apple006,apple,side,apple006S(1).JPG,238.0,holdout,1
apple006,apple,side,apple006S(2).JPG,238.0,holdout,2
apple006,apple,side,apple006S(3).JPG,238.0,holdout,3
apple006,apple,side,apple006S(4).JPG,238.0,holdout,4
apple006,apple,top,apple006T(1).JPG,238.0,holdout,1
apple006,apple,top,apple006T(2).JPG,238.0,holdout,2
apple006,apple,top,apple006T(3).JPG,238.0,holdout,3
apple006,apple,top,apple006T(4).JPG,238.0,holdout,4
apple007,apple,side,apple007S(1).JPG,325.0,dev,1
apple007,apple,side,apple007S(2).JPG,325.0,dev,2
apple007,apple,side,apple007S(3).JPG,325.0,dev,3
apple007,apple,side,apple007S(4).JPG,325.0,dev,4
apple007,apple,top,apple007T(1).JPG,325.0,dev,1
apple007,apple,top,apple007T(2).JPG,325.0,dev,2
apple007,apple,top,apple007T(3).JPG,325.0,dev,3
apple007,apple,top,apple007T(4).JPG,325.0,dev,4
apple008,apple,side,apple008S(1).JPG,238.0,holdout,1
apple008,apple,side,apple008S(2).JPG,238.0,holdout,2
apple008,apple,side,apple008S(3).JPG,238.0,holdout,3
apple008,apple,side,apple008S(4).JPG,238.0,holdout,4
apple008,apple,top,apple008T(1).JPG,238.0,holdout,1
apple008,apple,top,apple008T(2).JPG,238.0,holdout,2
apple008,apple,top,apple008T(3).JPG,238.0,holdout,3
apple008,apple,top,apple008T(4).JPG,238.0,holdout,4
apple009,apple,side,apple009S(1).JPG,288.5,holdout,1
apple009,apple,side,apple009S(2).JPG,288.5,holdout,2
apple009,apple,side,apple009S(3).JPG,288.5,holdout,3
apple009,apple,side,apple009S(4).JPG,288.5,holdout,4
apple009,apple,top,apple009T(1).JPG,288.5,holdout,1
apple009,apple,top,apple009T(2).JPG,288.5,holdout,2
apple009,apple,top,apple009T(3).JPG,288.5,holdout,3
apple009,apple,top,apple009T(4).JPG,288.5,holdout,4
apple010,apple,side,apple010S(1).JPG,260.5,dev,1
apple010,apple,side,apple010S(2).JPG,260.5,dev,2
apple010,apple,side,apple010S(3).JPG,260.5,dev,3
apple010,apple,side,apple010S(4).JPG,260.5,dev,4
apple010,apple,top,apple010T(1).JPG,260.5,dev,1
apple010,apple,top,apple010T(2).JPG,260.5,dev,2
apple010,apple,top,apple010T(3).JPG,260.5,dev,3
apple010,apple,top,apple010T(4).JPG,260.5,dev,4
apple011,apple,side,apple011S(1).JPG,230.0,dev,1
apple011,apple,side,apple011S(2).JPG,230.0,dev,2
apple011,apple,side,apple011S(3).JPG,230.0,dev,3
apple011,apple,side,apple011S(4).JPG,230.0,dev,4
apple011,apple,side,apple011S(5).JPG,230.0,dev,5
apple011,apple,top,apple011T(1).JPG,230.0,dev,1
apple011,apple,top,apple011T(2).JPG,230.0,dev,2
apple011,apple,top,apple011T(3).JPG,230.0,dev,3
apple011,apple,top,apple011T(4).JPG,230.0,dev,4
apple011,apple,top,apple011T(5).JPG,230.0,dev,5
apple012,apple,side,apple012S(1).JPG,246.0,holdout,1
apple012,apple,side,apple012S(2).JPG,246.0,holdout,2
apple012,apple,side,apple012S(3).JPG,246.0,holdout,3
apple012,apple,side,apple012S(4).JPG,246.0,holdout,4
apple012,apple,top,apple012T(1).JPG,246.0,holdout,1
apple012,apple,top,apple012T(2).JPG,246.0,holdout,2
apple012,apple,top,apple012T(3).JPG,246.0,holdout,3
apple012,apple,top,apple012T(4).JPG,246.0,holdout,4
apple012,apple,top,apple012T(5).JPG,246.0,holdout,5
apple013,apple,side,apple013S(1).JPG,252.5,holdout,1
apple013,apple,side,apple013S(2).JPG,252.5,holdout,2
apple013,apple,side,apple013S(3).JPG,252.5,holdout,3
apple013,apple,side,apple013S(4).JPG,252.5,holdout,4
apple013,apple,side,apple013S(5).JPG,252.5,holdout,5
apple013,apple,side,apple013S(6).JPG,252.5,holdout,6
apple013,apple,side,apple013S(7).JPG,252.5,holdout,7
apple013,apple,side,apple013S(8).JPG,252.5,holdout,8
apple013,apple,top,apple013T(1).JPG,252.5,holdout,1
apple013,apple,top,apple013T(2).JPG,252.5,holdout,2
apple013,apple,top,apple013T(3).JPG,252.5,holdout,3
apple013,apple,top,apple013T(4).JPG,252.5,holdout,4
apple013,apple,top,apple013T(5).JPG,252.5,holdout,5
apple013,apple,top,apple013T(6).JPG,252.5,holdout,6
apple013,apple,top,apple013T(7).JPG,252.5,holdout,7
apple013,apple,top,apple013T(8).JPG,252.5,holdout,8
apple014,apple,side,apple014S(1).JPG,236.0,dev,1
apple014,apple,side,apple014S(2).JPG,236.0,dev,2
apple014,apple,side,apple014S(3).JPG,236.0,dev,3
apple014,apple,side,apple014S(4).JPG,236.0,dev,4
apple014,apple,side,apple014S(5).JPG,236.0,dev,5
apple014,apple,side,apple014S(6).JPG,236.0,dev,6
apple014,apple,side,apple014S(7).JPG,236.0,dev,7
apple014,apple,side,apple014S(8).JPG,236.0,dev,8
apple014,apple,top,apple014T(1).JPG,236.0,dev,1
apple014,apple,top,apple014T(2).JPG,236.0,dev,2
apple014,apple,top,apple014T(3).JPG,236.0,dev,3
apple014,apple,top,apple014T(4).JPG,236.0,dev,4
apple014,apple,top,apple014T(5).JPG,236.0,dev,5
apple014,apple,top,apple014T(6).JPG,236.0,dev,6
apple014,apple,top,apple014T(7).JPG,236.0,dev,7
apple014,apple,top,apple014T(8).JPG,236.0,dev,8
apple015,apple,side,apple015S(1).JPG,293.5,holdout,1
apple015,apple,side,apple015S(2).JPG,293.5,holdout,2
apple015,apple,side,apple015S(3).JPG,293.5,holdout,3
apple015,apple,side,apple015S(4).JPG,293.5,holdout,4
apple015,apple,side,apple015S(5).JPG,293.5,holdout,5
apple015,apple,side,apple015S(6).JPG,293.5,holdout,6
apple015,apple,side,apple015S(7).JPG,293.5,holdout,7
apple015,apple,side,apple015S(8).JPG,293.5,holdout,8
apple015,apple,side,apple015S(9).JPG,293.5,holdout,9
apple015,apple,side,apple015S(10).JPG,293.5,holdout,10
apple015,apple,side,apple015S(11).JPG,293.5,holdout,11
apple015,apple,side,apple015S(12).JPG,293.5,holdout,12
apple015,apple,side,apple015S(13).JPG,293.5,holdout,13
apple015,apple,top,apple015T(1).JPG,293.5,holdout,1
apple015,apple,top,apple015T(2).JPG,293.5,holdout,2
apple015,apple,top,apple015T(3).JPG,293.5,holdout,3
apple015,apple,top,apple015T(4).JPG,293.5,holdout,4
apple015,apple,top,apple015T(5).JPG,293.5,holdout,5
apple015,apple,top,apple015T(6).JPG,293.5,holdout,6
apple015,apple,top,apple015T(7).JPG,293.5,holdout,7
apple015,apple,top,apple015T(8).JPG,293.5,holdout,8
apple015,apple,top,apple015T(9).JPG,293.5,holdout,9
apple015,apple,top,apple015T(10).JPG,293.5,holdout,10
apple015,apple,top,apple015T(11).JPG,293.5,holdout,11
apple015,apple,top,apple015T(12).JPG,293.5,holdout,12
apple015,apple,top,apple015T(13).JPG,293.5,holdout,13
apple016,apple,side,apple016S(1).JPG,272.5,dev,1
apple016,apple,side,apple016S(2).JPG,272.5,dev,2
apple016,apple,side,apple016S(3).JPG,272.5,dev,3
apple016,apple,side,apple016S(4).JPG,272.5,dev,4
apple016,apple,side,apple016S(5).JPG,272.5,dev,5
apple016,apple,side,apple016S(6).JPG,272.5,dev,6
apple016,apple,side,apple016S(7).JPG,272.5,dev,7
apple016,apple,side,apple016S(8).JPG,272.5,dev,8
apple016,apple,side,apple016S(9).JPG,272.5,dev,9
apple016,apple,side,apple016S(10).JPG,272.5,dev,10
apple016,apple,side,apple016S(11).JPG,272.5,dev,11
apple016,apple,side,apple016S(12).JPG,272.5,dev,12
apple016,apple,side,apple016S(13).JPG,272.5,dev,13
apple016,apple,side,apple016S(14).JPG,272.5,dev,14
apple016,apple,side,apple016S(15).JPG,272.5,dev,15
apple016,apple,side,apple016S(16).JPG,272.5,dev,16
apple016,apple,side,apple016S(17).JPG,272.5,dev,17
apple016,apple,side,apple016S(18).JPG,272.5,dev,18
apple016,apple,side,apple016S(19).JPG,272.5,dev,19
apple016,apple,side,apple016S(20).JPG,272.5,dev,20
apple016,apple,side,apple016S(21).JPG,272.5,dev,21
apple016,apple,side,apple016S(22).JPG,272.5,dev,22
apple016,apple,side,apple016S(23).JPG,272.5,dev,23
apple016,apple,side,apple016S(24).JPG,272.5,dev,24
apple016,apple,side,apple016S(25).JPG,272.5,dev,25
apple016,apple,top,apple016T(1).JPG,272.5,dev,1
apple016,apple,top,apple016T(2).JPG,272.5,dev,2
apple016,apple,top,apple016T(3).JPG,272.5,dev,3
apple016,apple,top,apple016T(4).JPG,272.5,dev,4
apple016,apple,top,apple016T(5).JPG,272.5,dev,5
apple016,apple,top,apple016T(6).JPG,272.5,dev,6
apple016,apple,top,apple016T(7).JPG,272.5,dev,7
apple016,apple,top,apple016T(8).JPG,272.5,dev,8
apple016,apple,top,apple016T(9).JPG,272.5,dev,9
apple016,apple,top,apple016T(10).JPG,272.5,dev,10
apple016,apple,top,apple016T(11).JPG,272.5,dev,11
apple016,apple,top,apple016T(12).JPG,272.5,dev,12
apple016,apple,top,apple016T(13).JPG,272.5,dev,13
apple016,apple,top,apple016T(14).JPG,272.5,dev,14
apple016,apple,top,apple016T(15).JPG,272.5,dev,15
apple016,apple,top,apple016T(16).JPG,272.5,dev,16
apple016,apple,top,apple016T(17).JPG,272.5,dev,17
apple016,apple,top,apple016T(18).JPG,272.5,dev,18
apple016,apple,top,apple016T(19).JPG,272.5,dev,19
apple016,apple,top,apple016T(20).JPG,272.5,dev,20
apple016,apple,top,apple016T(21).JPG,272.5,dev,21
apple016,apple,top,apple016T(22).JPG,272.5,dev,22
apple016,apple,top,apple016T(23).JPG,272.5,dev,23
apple016,apple,top,apple016T(24).JPG,272.5,dev,24
apple016,apple,top,apple016T(25).JPG,272.5,dev,25
apple017,apple,side,apple017S(1).JPG,255.0,dev,1
apple017,apple,side,apple017S(2).JPG,255.0,dev,2
apple017,apple,side,apple017S(3).JPG,255.0,dev,3
apple017,apple,side,apple017S(4).JPG,255.0,dev,4
apple017,apple,side,apple017S(5).JPG,255.0,dev,5
apple017,apple,side,apple017S(6).JPG,255.0,dev,6
apple017,apple,side,apple017S(7).JPG,255.0,dev,7
apple017,apple,side,apple017S(8).JPG,255.0,dev,8
apple017,apple,side,apple017S(9).JPG,255.0,dev,9
apple017,apple,side,apple017S(10).JPG,255.0,dev,10
apple017,apple,side,apple017S(11).JPG,255.0,dev,11
apple017,apple,side,apple017S(12).JPG,255.0,dev,12
apple017,apple,side,apple017S(13).JPG,255.0,dev,13
apple017,apple,side,apple017S(14).JPG,255.0,dev,14
apple017,apple,side,apple017S(15).JPG,255.0,dev,15
apple017,apple,side,apple017S(16).JPG,255.0,dev,16
apple017,apple,side,apple017S(17).JPG,255.0,dev,17
apple017,apple,side,apple017S(18).JPG,255.0,dev,18
apple017,apple,side,apple017S(19).JPG,255.0,dev,19
apple017,apple,side,apple017S(20).JPG,255.0,dev,20
apple017,apple,side,apple017S(21).JPG,255.0,dev,21
apple017,apple,side,apple017S(22).JPG,255.0,dev,22
apple017,apple,side,apple017S(23).JPG,255.0,dev,23
apple017,apple,side,apple017S(24).JPG,255.0,dev,24
apple017,apple,side,apple017S(25).JPG,255.0,dev,25
apple017,apple,side,apple017S(26).JPG,255.0,dev,26
apple017,apple,side,apple017S(27).JPG,255.0,dev,27
apple017,apple,top,apple017T(1).JPG,255.0,dev,1
apple017,apple,top,apple017T(2).JPG,255.0,dev,2
apple017,apple,top,apple017T(3).JPG,255.0,dev,3
apple017,apple,top,apple017T(4).JPG,255.0,dev,4
apple017,apple,top,apple017T(5).JPG,255.0,dev,5
apple017,apple,top,apple017T(6).JPG,255.0,dev,6
apple017,apple,top,apple017T(7).JPG,255.0,dev,7
apple017,apple,top,apple017T(8).JPG,255.0,dev,8
apple017,apple,top,apple017T(9).JPG,255.0,dev,9
apple017,apple,top,apple017T(10).JPG,255.0,dev,10
apple017,apple,top,apple017T(11).JPG,255.0,dev,11
apple017,apple,top,apple017T(12).JPG,255.0,dev,12
apple017,apple,top,apple017T(13).JPG,255.0,dev,13
apple017,apple,top,apple017T(14).JPG,255.0,dev,14
apple017,apple,top,apple017T(15).JPG,255.0,dev,15
apple017,apple,top,apple017T(16).JPG,255.0,dev,16
apple017,apple,top,apple017T(17).JPG,255.0,dev,17
apple017,apple,top,apple017T(18).JPG,255.0,dev,18
apple017,apple,top,apple017T(19).JPG,255.0,dev,19
apple017,apple,top,apple017T(20).JPG,255.0,dev,20
apple017,apple,top,apple017T(21).JPG,255.0,dev,21
apple017,apple,top,apple017T(22).JPG,255.0,dev,22
apple017,apple,top,apple017T(23).JPG,255.0,dev,23
apple017,apple,top,apple017T(24).JPG,255.0,dev,24
apple017,apple,top,apple017T(25).JPG,255.0,dev,25
apple017,apple,top,apple017T(26).JPG,255.0,dev,26
apple017,apple,top,apple017T(27).JPG,255.0,dev,27
apple018,apple,side,apple018S(1).JPG,231.5,holdout,1
apple018,apple,side,apple018S(2).JPG,231.5,holdout,2
apple018,apple,side,apple018S(3).JPG,231.5,holdout,3
apple018,apple,side,apple018S(4).JPG,231.5,holdout,4
apple018,apple,side,apple018S(5).JPG,231.5,holdout,5
apple018,apple,side,apple018S(6).JPG,231.5,holdout,6
apple018,apple,side,apple018S(7).JPG,231.5,holdout,7
apple018,apple,side,apple018S(8).JPG,231.5,holdout,8
apple018,apple,side,apple018S(9).JPG,231.5,holdout,9
apple018,apple,side,apple018S(10).JPG,231.5,holdout,10
apple018,apple,side,apple018S(11).JPG,231.5,holdout,11
apple018,apple,top,apple018T(1).JPG,231.5,holdout,1
apple018,apple,top,apple018T(2).JPG,231.5,holdout,2
apple018,apple,top,apple018T(3).JPG,231.5,holdout,3
apple018,apple,top,apple018T(4).JPG,231.5,holdout,4
apple018,apple,top,apple018T(5).JPG,231.5,holdout,5
apple018,apple,top,apple018T(6).JPG,231.5,holdout,6
apple018,apple,top,apple018T(7).JPG,231.5,holdout,7
apple018,apple,top,apple018T(8).JPG,231.5,holdout,8
apple018,apple,top,apple018T(9).JPG,231.5,holdout,9
apple018,apple,top,apple018T(10).JPG,231.5,holdout,10
apple018,apple,top,apple018T(11).JPG,231.5,holdout,11
apple019,apple,side,apple019S(1).JPG,255.0,dev,1
apple019,apple,side,apple019S(2).JPG,255.0,dev,2
apple019,apple,side,apple019S(3).JPG,255.0,dev,3
apple019,apple,side,apple019S(4).JPG,255.0,dev,4
apple019,apple,side,apple019S(5).JPG,255.0,dev,5
apple019,apple,side,apple019S(6).JPG,255.0,dev,6
apple019,apple,side,apple019S(7).JPG,255.0,dev,7
apple019,apple,top,apple019T(1).JPG,255.0,dev,1
apple019,apple,top,apple019T(2).JPG,255.0,dev,2
apple019,apple,top,apple019T(3).JPG,255.0,dev,3
apple019,apple,top,apple019T(4).JPG,255.0,dev,4
apple019,apple,top,apple019T(5).JPG,255.0,dev,5
apple019,apple,top,apple019T(6).JPG,255.0,dev,6
apple019,apple,top,apple019T(7).JPG,255.0,dev,7
banana001,banana,side,banana001S(1).JPG,149.8,dev,1
banana001,banana,side,banana001S(2).JPG,149.8,dev,2
banana001,banana,side,banana001S(3).JPG,149.8,dev,3
banana001,banana,top,banana001T(1).JPG,149.8,dev,1
banana001,banana,top,banana001T(2).JPG,149.8,dev,2
banana001,banana,top,banana001T(3).JPG,149.8,dev,3
banana001,banana,top,banana001T(4).JPG,149.8,dev,4
banana002,banana,side,banana002S(1).JPG,156.9,dev,1
banana002,banana,side,banana002S(2).JPG,156.9,dev,2
banana002,banana,side,banana002S(3).JPG,156.9,dev,3
banana002,banana,top,banana002T(1).JPG,156.9,dev,1
banana002,banana,top,banana002T(2).JPG,156.9,dev,2
banana002,banana,top,banana002T(3).JPG,156.9,dev,3
banana003,banana,side,banana003S(1).JPG,139.0,holdout,1
banana003,banana,side,banana003S(2).JPG,139.0,holdout,2
banana003,banana,side,banana003S(3).JPG,139.0,holdout,3
banana003,banana,top,banana003T(1).JPG,139.0,holdout,1
banana003,banana,top,banana003T(2).JPG,139.0,holdout,2
banana004,banana,side,banana004S(1).JPG,159.6,dev,1
banana004,banana,side,banana004S(2).JPG,159.6,dev,2
banana004,banana,side,banana004S(3).JPG,159.6,dev,3
banana004,banana,top,banana004T(1).JPG,159.6,dev,1
banana004,banana,top,banana004T(2).JPG,159.6,dev,2
banana004,banana,top,banana004T(3).JPG,159.6,dev,3
banana005,banana,side,banana005S(1).JPG,153.5,dev,1
banana005,banana,side,banana005S(2).JPG,153.5,dev,2
banana005,banana,side,banana005S(3).JPG,153.5,dev,3
banana005,banana,top,banana005T(1).JPG,153.5,dev,1
banana005,banana,top,banana005T(2).JPG,153.5,dev,2
banana005,banana,top,banana005T(3).JPG,153.5,dev,3
banana006,banana,side,banana006S(1).JPG,144.0,holdout,1
banana006,banana,side,banana006S(2).JPG,144.0,holdout,2
banana006,banana,side,banana006S(3).JPG,144.0,holdout,3
banana006,banana,top,banana006T(1).JPG,144.0,holdout,1
banana006,banana,top,banana006T(2).JPG,144.0,holdout,2
banana006,banana,top,banana006T(3).JPG,144.0,holdout,3
banana007,banana,side,banana007S(1).JPG,141.4,dev,1
banana007,banana,side,banana007S(2).JPG,141.4,dev,2
banana007,banana,side,banana007S(3).JPG,141.4,dev,3
banana007,banana,top,banana007T(1).JPG,141.4,dev,1
banana007,banana,top,banana007T(2).JPG,141.4,dev,2
banana007,banana,top,banana007T(3).JPG,141.4,dev,3
banana008,banana,side,banana008S(1).JPG,155.1,holdout,1
banana008,banana,side,banana008S(2).JPG,155.1,holdout,2
banana008,banana,side,banana008S(3).JPG,155.1,holdout,3
banana008,banana,side,banana008S(4).JPG,155.1,holdout,4
banana008,banana,side,banana008S(5).JPG,155.1,holdout,5
banana008,banana,top,banana008T(1).JPG,155.1,holdout,1
banana008,banana,top,banana008T(2).JPG,155.1,holdout,2
banana008,banana,top,banana008T(3).JPG,155.1,holdout,3
banana008,banana,top,banana008T(4).JPG,155.1,holdout,4
banana008,banana,top,banana008T(5).JPG,155.1,holdout,5
banana009,banana,side,banana009S(1).JPG,183.5,dev,1
banana009,banana,side,banana009S(2).JPG,183.5,dev,2
banana009,banana,side,banana009S(3).JPG,183.5,dev,3
banana009,banana,side,banana009S(4).JPG,183.5,dev,4
banana009,banana,side,banana009S(5).JPG,183.5,dev,5
banana009,banana,side,banana009S(6).JPG,183.5,dev,6
banana009,banana,side,banana009S(7).JPG,183.5,dev,7
banana009,banana,side,banana009S(8).JPG,183.5,dev,8
banana009,banana,top,banana009T(1).JPG,183.5,dev,1
banana009,banana,top,banana009T(2).JPG,183.5,dev,2
banana009,banana,top,banana009T(3).JPG,183.5,dev,3
banana009,banana,top,banana009T(4).JPG,183.5,dev,4
banana009,banana,top,banana009T(5).JPG,183.5,dev,5
banana009,banana,top,banana009T(6).JPG,183.5,dev,6
banana009,banana,top,banana009T(7).JPG,183.5,dev,7
banana009,banana,top,banana009T(8).JPG,183.5,dev,8
banana010,banana,side,banana010S(1).JPG,173.5,dev,1
banana010,banana,side,banana010S(2).JPG,173.5,dev,2
banana010,banana,side,banana010S(3).JPG,173.5,dev,3
banana010,banana,side,banana010S(4).JPG,173.5,dev,4
banana010,banana,side,banana010S(5).JPG,173.5,dev,5
banana010,banana,side,banana010S(6).JPG,173.5,dev,6
banana010,banana,side,banana010S(7).JPG,173.5,dev,7
banana010,banana,side,banana010S(8).JPG,173.5,dev,8
banana010,banana,top,banana010T(1).JPG,173.5,dev,1
banana010,banana,top,banana010T(2).JPG,173.5,dev,2
banana010,banana,top,banana010T(3).JPG,173.5,dev,3
banana010,banana,top,banana010T(4).JPG,173.5,dev,4
banana010,banana,top,banana010T(5).JPG,173.5,dev,5
banana010,banana,top,banana010T(6).JPG,173.5,dev,6
banana010,banana,top,banana010T(7).JPG,173.5,dev,7
banana010,banana,top,banana010T(8).JPG,173.5,dev,8
banana011,banana,side,banana011S(1).JPG,128.3,dev,1
banana011,banana,side,banana011S(2).JPG,128.3,dev,2
banana011,banana,side,banana011S(3).JPG,128.3,dev,3
banana011,banana,side,banana011S(4).JPG,128.3,dev,4
banana011,banana,side,banana011S(5).JPG,128.3,dev,5
banana011,banana,side,banana011S(6).JPG,128.3,dev,6
banana011,banana,side,banana011S(7).JPG,128.3,dev,7
banana011,banana,side,banana011S(8).JPG,128.3,dev,8
banana011,banana,side,banana011S(9).JPG,128.3,dev,9
banana011,banana,top,banana011T(1).JPG,128.3,dev,1
banana011,banana,top,banana011T(2).JPG,128.3,dev,2
banana011,banana,top,banana011T(3).JPG,128.3,dev,3
banana011,banana,top,banana011T(4).JPG,128.3,dev,4
banana011,banana,top,banana011T(5).JPG,128.3,dev,5
banana011,banana,top,banana011T(6).JPG,128.3,dev,6
banana011,banana,top,banana011T(7).JPG,128.3,dev,7
banana011,banana,top,banana011T(8).JPG,128.3,dev,8
banana011,banana,top,banana011T(9).JPG,128.3,dev,9
banana012,banana,side,banana012S(1).JPG,117.1,dev,1
banana012,banana,side,banana012S(2).JPG,117.1,dev,2
banana012,banana,side,banana012S(3).JPG,117.1,dev,3
banana012,banana,side,banana012S(4).JPG,117.1,dev,4
banana012,banana,side,banana012S(5).JPG,117.1,dev,5
banana012,banana,side,banana012S(6).JPG,117.1,dev,6
banana012,banana,side,banana012S(7).JPG,117.1,dev,7
banana012,banana,side,banana012S(8).JPG,117.1,dev,8
banana012,banana,top,banana012T(1).JPG,117.1,dev,1
banana012,banana,top,banana012T(2).JPG,117.1,dev,2
banana012,banana,top,banana012T(3).JPG,117.1,dev,3
banana012,banana,top,banana012T(4).JPG,117.1,dev,4
banana012,banana,top,banana012T(5).JPG,117.1,dev,5
banana012,banana,top,banana012T(6).JPG,117.1,dev,6
banana012,banana,top,banana012T(7).JPG,117.1,dev,7
banana012,banana,top,banana012T(8).JPG,117.1,dev,8
banana013,banana,side,banana013S(1).JPG,160.1,dev,1
banana013,banana,side,banana013S(2).JPG,160.1,dev,2
banana013,banana,side,banana013S(3).JPG,160.1,dev,3
banana013,banana,side,banana013S(4).JPG,160.1,dev,4
banana013,banana,side,banana013S(5).JPG,160.1,dev,5
banana013,banana,side,banana013S(6).JPG,160.1,dev,6
banana013,banana,side,banana013S(7).JPG,160.1,dev,7
banana013,banana,side,banana013S(8).JPG,160.1,dev,8
banana013,banana,side,banana013S(9).JPG,160.1,dev,9
banana013,banana,side,banana013S(10).JPG,160.1,dev,10
banana013,banana,side,banana013S(11).JPG,160.1,dev,11
banana013,banana,side,banana013S(12).JPG,160.1,dev,12
banana013,banana,top,banana013T(1).JPG,160.1,dev,1
banana013,banana,top,banana013T(2).JPG,160.1,dev,2
banana013,banana,top,banana013T(3).JPG,160.1,dev,3
banana013,banana,top,banana013T(4).JPG,160.1,dev,4
banana013,banana,top,banana013T(5).JPG,160.1,dev,5
banana013,banana,top,banana013T(6).JPG,160.1,dev,6
banana013,banana,top,banana013T(7).JPG,160.1,dev,7
banana013,banana,top,banana013T(8).JPG,160.1,dev,8
banana013,banana,top,banana013T(9).JPG,160.1,dev,9
banana013,banana,top,banana013T(10).JPG,160.1,dev,10
banana013,banana,top,banana013T(11).JPG,160.1,dev,11
banana013,banana,top,banana013T(12).JPG,160.1,dev,12
banana014,banana,side,banana014S(1).JPG,157.0,dev,1
banana014,banana,side,banana014S(2).JPG,157.0,dev,2
banana014,banana,side,banana014S(3).JPG,157.0,dev,3
banana014,banana,side,banana014S(4).JPG,157.0,dev,4
banana014,banana,side,banana014S(5).JPG,157.0,dev,5
banana014,banana,side,banana014S(6).JPG,157.0,dev,6
banana014,banana,side,banana014S(7).JPG,157.0,dev,7
banana014,banana,side,banana014S(8).JPG,157.0,dev,8
banana014,banana,side,banana014S(9).JPG,157.0,dev,9
banana014,banana,side,banana014S(10).JPG,157.0,dev,10
banana014,banana,top,banana014T(1).JPG,157.0,dev,1
banana014,banana,top,banana014T(2).JPG,157.0,dev,2
banana014,banana,top,banana014T(3).JPG,157.0,dev,3
banana014,banana,top,banana014T(4).JPG,157.0,dev,4
banana014,banana,top,banana014T(5).JPG,157.0,dev,5
banana014,banana,top,banana014T(6).JPG,157.0,dev,6
banana014,banana,top,banana014T(7).JPG,157.0,dev,7
banana014,banana,top,banana014T(8).JPG,157.0,dev,8
banana014,banana,top,banana014T(9).JPG,157.0,dev,9
banana014,banana,top,banana014T(10).JPG,157.0,dev,10
banana015,banana,side,banana015S(1).JPG,164.8,dev,1
banana015,banana,side,banana015S(2).JPG,164.8,dev,2
banana015,banana,side,banana015S(3).JPG,164.8,dev,3
banana015,banana,side,banana015S(4).JPG,164.8,dev,4
banana015,banana,side,banana015S(5).JPG,164.8,dev,5
banana015,banana,side,banana015S(6).JPG,164.8,dev,6
banana015,banana,side,banana015S(7).JPG,164.8,dev,7
banana015,banana,side,banana015S(8).JPG,164.8,dev,8
banana015,banana,top,banana015T(1).JPG,164.8,dev,1
banana015,banana,top,banana015T(2).JPG,164.8,dev,2
banana015,banana,top,banana015T(3).JPG,164.8,dev,3
banana015,banana,top,banana015T(4).JPG,164.8,dev,4
banana015,banana,top,banana015T(5).JPG,164.8,dev,5
banana015,banana,top,banana015T(6).JPG,164.8,dev,6
banana015,banana,top,banana015T(7).JPG,164.8,dev,7
banana015,banana,top,banana015T(8).JPG,164.8,dev,8
mix001,orange,side,mix001S(1).JPG,197.9,dev,1
mix001,orange,side,mix001S(2).JPG,197.9,dev,2
mix001,orange,top,mix001T(1).JPG,197.9,dev,1
mix001,orange,top,mix001T(2).JPG,197.9,dev,2
mix002,banana,side,mix002S(1).JPG,155.1,dev,1
mix002,banana,side,mix002S(2).JPG,155.1,dev,2
mix002,banana,side,mix002S(3).JPG,155.1,dev,3
mix002,banana,side,mix002S(4).JPG,155.1,dev,4
mix002,banana,top,mix002T(1).JPG,155.1,dev,1
mix002,banana,top,mix002T(2).JPG,155.1,dev,2
mix002,banana,top,mix002T(3).JPG,155.1,dev,3
mix002,banana,top,mix002T(4).JPG,155.1,dev,4
mix003,qiwi,side,mix003S(1).JPG,127.5,dev,1
mix003,qiwi,side,mix003S(2).JPG,127.5,dev,2
mix003,qiwi,side,mix003S(3).JPG,127.5,dev,3
mix003,qiwi,top,mix003T(1).JPG,127.5,dev,1
mix003,qiwi,top,mix003T(2).JPG,127.5,dev,2
mix003,qiwi,top,mix003T(3).JPG,127.5,dev,3
mix004,qiwi,side,mix004S(1).JPG,169.0,dev,1
mix004,qiwi,side,mix004S(2).JPG,169.0,dev,2
mix004,qiwi,side,mix004S(3).JPG,169.0,dev,3
mix004,qiwi,side,mix004S(4).JPG,169.0,dev,4
mix004,qiwi,top,mix004T(1).JPG,169.0,dev,1
mix004,qiwi,top,mix004T(2).JPG,169.0,dev,2
mix004,qiwi,top,mix004T(3).JPG,169.0,dev,3
mix004,qiwi,top,mix004T(4).JPG,169.0,dev,4
mix005,qiwi,side,mix005S(4).JPG,152.2,dev,4
mix005,qiwi,top,mix005T(4).JPG,152.2,dev,4
mix005,qiwi,top,mix005T(6).JPG,152.2,dev,6
mix009,orange,side,mix009S(1).JPG,232.5,holdout,1
mix009,orange,side,mix009S(2).JPG,232.5,holdout,2
mix009,orange,side,mix009S(3).JPG,232.5,holdout,3
mix009,orange,side,mix009S(4).JPG,232.5,holdout,4
mix009,orange,top,mix009T(1).JPG,232.5,holdout,1
mix009,orange,top,mix009T(2).JPG,232.5,holdout,2
mix009,orange,top,mix009T(3).JPG,232.5,holdout,3
mix009,orange,top,mix009T(4).JPG,232.5,holdout,4
mix012,orange,side,mix012S(1).JPG,222.0,dev,1
mix012,orange,side,mix012S(2).JPG,222.0,dev,2
mix012,orange,side,mix012S(3).JPG,222.0,dev,3
mix012,orange,side,mix012S(4).JPG,222.0,dev,4
mix012,orange,top,mix012T(1).JPG,222.0,dev,1
mix012,orange,top,mix012T(2).JPG,222.0,dev,2
mix012,orange,top,mix012T(3).JPG,222.0,dev,3
mix012,orange,top,mix012T(4).JPG,222.0,dev,4
mix013,pear,side,mix013S(1).JPG,249.0,dev,1
mix013,pear,side,mix013S(2).JPG,249.0,dev,2
mix013,pear,side,mix013S(3).JPG,249.0,dev,3
mix013,pear,side,mix013S(4).JPG,249.0,dev,4
mix013,pear,top,mix013T(1).JPG,249.0,dev,1
mix013,pear,top,mix013T(2).JPG,249.0,dev,2
mix013,pear,top,mix013T(3).JPG,249.0,dev,3
mix013,pear,top,mix013T(4).JPG,249.0,dev,4
mix014,pear,side,mix014S(1).JPG,205.5,holdout,1
mix014,pear,side,mix014S(2).JPG,205.5,holdout,2
mix014,pear,side,mix014S(3).JPG,205.5,holdout,3
mix014,pear,side,mix014S(4).JPG,205.5,holdout,4
mix014,pear,top,mix014T(1).JPG,205.5,holdout,1
mix014,pear,top,mix014T(2).JPG,205.5,holdout,2
mix014,pear,top,mix014T(3).JPG,205.5,holdout,3
mix014,pear,top,mix014T(4).JPG,205.5,holdout,4
orange001,orange,side,orange001S(1).JPG,220.5,holdout,1
orange001,orange,side,orange001S(2).JPG,220.5,holdout,2
orange001,orange,top,orange001T(1).JPG,220.5,holdout,1
orange001,orange,top,orange001T(2).JPG,220.5,holdout,2
orange001,orange,top,orange001T(3).JPG,220.5,holdout,3
orange001,orange,top,orange001T(4).JPG,220.5,holdout,4
orange002,orange,side,orange002S(1).JPG,197.9,dev,1
orange002,orange,side,orange002S(2).JPG,197.9,dev,2
orange002,orange,side,orange002S(3).JPG,197.9,dev,3
orange002,orange,side,orange002S(4).JPG,197.9,dev,4
orange002,orange,top,orange002T(1).JPG,197.9,dev,1
orange002,orange,top,orange002T(2).JPG,197.9,dev,2
orange003,orange,side,orange003S(1).JPG,202.5,holdout,1
orange003,orange,side,orange003S(2).JPG,202.5,holdout,2
orange003,orange,side,orange003S(3).JPG,202.5,holdout,3
orange003,orange,side,orange003S(4).JPG,202.5,holdout,4
orange003,orange,side,orange003S(5).JPG,202.5,holdout,5
orange003,orange,side,orange003S(6).JPG,202.5,holdout,6
orange003,orange,side,orange003S(7).JPG,202.5,holdout,7
orange003,orange,side,orange003S(8).JPG,202.5,holdout,8
orange003,orange,top,orange003T(1).JPG,202.5,holdout,1
orange003,orange,top,orange003T(2).JPG,202.5,holdout,2
orange003,orange,top,orange003T(3).JPG,202.5,holdout,3
orange003,orange,top,orange003T(4).JPG,202.5,holdout,4
orange003,orange,top,orange003T(5).JPG,202.5,holdout,5
orange003,orange,top,orange003T(6).JPG,202.5,holdout,6
orange003,orange,top,orange003T(7).JPG,202.5,holdout,7
orange003,orange,top,orange003T(8).JPG,202.5,holdout,8
orange004,orange,side,orange004S(1).JPG,218.0,dev,1
orange004,orange,side,orange004S(2).JPG,218.0,dev,2
orange004,orange,side,orange004S(3).JPG,218.0,dev,3
orange004,orange,side,orange004S(4).JPG,218.0,dev,4
orange004,orange,top,orange004T(1).JPG,218.0,dev,1
orange004,orange,top,orange004T(2).JPG,218.0,dev,2
orange004,orange,top,orange004T(3).JPG,218.0,dev,3
orange004,orange,top,orange004T(4).JPG,218.0,dev,4
orange005,orange,side,orange005S(1).JPG,138.9,dev,1
orange005,orange,side,orange005S(2).JPG,138.9,dev,2
orange005,orange,side,orange005S(3).JPG,138.9,dev,3
orange005,orange,side,orange005S(4).JPG,138.9,dev,4
orange005,orange,top,orange005T(1).JPG,138.9,dev,1
orange005,orange,top,orange005T(2).JPG,138.9,dev,2
orange005,orange,top,orange005T(3).JPG,138.9,dev,3
orange005,orange,top,orange005T(4).JPG,138.9,dev,4
orange006,orange,side,orange006S(1).JPG,179.3,dev,1
orange006,orange,side,orange006S(2).JPG,179.3,dev,2
orange006,orange,side,orange006S(3).JPG,179.3,dev,3
orange006,orange,side,orange006S(4).JPG,179.3,dev,4
orange006,orange,top,orange006T(1).JPG,179.3,dev,1
orange006,orange,top,orange006T(2).JPG,179.3,dev,2
orange006,orange,top,orange006T(3).JPG,179.3,dev,3
orange006,orange,top,orange006T(4).JPG,179.3,dev,4
orange007,orange,side,orange007S(1).JPG,184.8,holdout,1
orange007,orange,side,orange007S(2).JPG,184.8,holdout,2
orange007,orange,side,orange007S(3).JPG,184.8,holdout,3
orange007,orange,side,orange007S(4).JPG,184.8,holdout,4
orange007,orange,side,orange007S(5).JPG,184.8,holdout,5
orange007,orange,side,orange007S(6).JPG,184.8,holdout,6
orange007,orange,side,orange007S(7).JPG,184.8,holdout,7
orange007,orange,side,orange007S(8).JPG,184.8,holdout,8
orange007,orange,top,orange007T(1).JPG,184.8,holdout,1
orange007,orange,top,orange007T(2).JPG,184.8,holdout,2
orange007,orange,top,orange007T(3).JPG,184.8,holdout,3
orange007,orange,top,orange007T(4).JPG,184.8,holdout,4
orange007,orange,top,orange007T(5).JPG,184.8,holdout,5
orange007,orange,top,orange007T(6).JPG,184.8,holdout,6
orange007,orange,top,orange007T(7).JPG,184.8,holdout,7
orange007,orange,top,orange007T(8).JPG,184.8,holdout,8
orange008,orange,side,orange008S(1).JPG,232.5,holdout,1
orange008,orange,side,orange008S(2).JPG,232.5,holdout,2
orange008,orange,side,orange008S(3).JPG,232.5,holdout,3
orange008,orange,side,orange008S(4).JPG,232.5,holdout,4
orange008,orange,side,orange008S(5).JPG,232.5,holdout,5
orange008,orange,side,orange008S(6).JPG,232.5,holdout,6
orange008,orange,side,orange008S(7).JPG,232.5,holdout,7
orange008,orange,side,orange008S(8).JPG,232.5,holdout,8
orange008,orange,side,orange008S(9).JPG,232.5,holdout,9
orange008,orange,side,orange008S(10).JPG,232.5,holdout,10
orange008,orange,side,orange008S(11).JPG,232.5,holdout,11
orange008,orange,side,orange008S(12).JPG,232.5,holdout,12
orange008,orange,side,orange008S(13).JPG,232.5,holdout,13
orange008,orange,side,orange008S(14).JPG,232.5,holdout,14
orange008,orange,side,orange008S(15).JPG,232.5,holdout,15
orange008,orange,side,orange008S(16).JPG,232.5,holdout,16
orange008,orange,side,orange008S(17).JPG,232.5,holdout,17
orange008,orange,side,orange008S(18).JPG,232.5,holdout,18
orange008,orange,side,orange008S(19).JPG,232.5,holdout,19
orange008,orange,side,orange008S(20).JPG,232.5,holdout,20
orange008,orange,side,orange008S(21).JPG,232.5,holdout,21
orange008,orange,side,orange008S(22).JPG,232.5,holdout,22
orange008,orange,side,orange008S(23).JPG,232.5,holdout,23
orange008,orange,top,orange008T(1).JPG,232.5,holdout,1
orange008,orange,top,orange008T(2).JPG,232.5,holdout,2
orange008,orange,top,orange008T(3).JPG,232.5,holdout,3
orange008,orange,top,orange008T(4).JPG,232.5,holdout,4
orange008,orange,top,orange008T(5).JPG,232.5,holdout,5
orange008,orange,top,orange008T(6).JPG,232.5,holdout,6
orange008,orange,top,orange008T(7).JPG,232.5,holdout,7
orange008,orange,top,orange008T(8).JPG,232.5,holdout,8
orange008,orange,top,orange008T(9).JPG,232.5,holdout,9
orange008,orange,top,orange008T(10).JPG,232.5,holdout,10
orange008,orange,top,orange008T(11).JPG,232.5,holdout,11
orange008,orange,top,orange008T(12).JPG,232.5,holdout,12
orange008,orange,top,orange008T(13).JPG,232.5,holdout,13
orange008,orange,top,orange008T(14).JPG,232.5,holdout,14
orange008,orange,top,orange008T(15).JPG,232.5,holdout,15
orange008,orange,top,orange008T(16).JPG,232.5,holdout,16
orange008,orange,top,orange008T(17).JPG,232.5,holdout,17
orange008,orange,top,orange008T(18).JPG,232.5,holdout,18
orange008,orange,top,orange008T(19).JPG,232.5,holdout,19
orange008,orange,top,orange008T(20).JPG,232.5,holdout,20
orange008,orange,top,orange008T(21).JPG,232.5,holdout,21
orange008,orange,top,orange008T(22).JPG,232.5,holdout,22
orange008,orange,top,orange008T(23).JPG,232.5,holdout,23
orange009,orange,side,orange009S(1).JPG,209.5,dev,1
orange009,orange,side,orange009S(2).JPG,209.5,dev,2
orange009,orange,side,orange009S(3).JPG,209.5,dev,3
orange009,orange,side,orange009S(4).JPG,209.5,dev,4
orange009,orange,side,orange009S(5).JPG,209.5,dev,5
orange009,orange,side,orange009S(6).JPG,209.5,dev,6
orange009,orange,side,orange009S(7).JPG,209.5,dev,7
orange009,orange,side,orange009S(8).JPG,209.5,dev,8
orange009,orange,side,orange009S(9).JPG,209.5,dev,9
orange009,orange,side,orange009S(10).JPG,209.5,dev,10
orange009,orange,side,orange009S(11).JPG,209.5,dev,11
orange009,orange,side,orange009S(12).JPG,209.5,dev,12
orange009,orange,side,orange009S(13).JPG,209.5,dev,13
orange009,orange,side,orange009S(14).JPG,209.5,dev,14
orange009,orange,side,orange009S(15).JPG,209.5,dev,15
orange009,orange,side,orange009S(16).JPG,209.5,dev,16
orange009,orange,top,orange009T(1).JPG,209.5,dev,1
orange009,orange,top,orange009T(2).JPG,209.5,dev,2
orange009,orange,top,orange009T(3).JPG,209.5,dev,3
orange009,orange,top,orange009T(4).JPG,209.5,dev,4
orange009,orange,top,orange009T(5).JPG,209.5,dev,5
orange009,orange,top,orange009T(6).JPG,209.5,dev,6
orange009,orange,top,orange009T(7).JPG,209.5,dev,7
orange009,orange,top,orange009T(8).JPG,209.5,dev,8
orange009,orange,top,orange009T(9).JPG,209.5,dev,9
orange009,orange,top,orange009T(10).JPG,209.5,dev,10
orange009,orange,top,orange009T(11).JPG,209.5,dev,11
orange009,orange,top,orange009T(12).JPG,209.5,dev,12
orange009,orange,top,orange009T(13).JPG,209.5,dev,13
orange009,orange,top,orange009T(14).JPG,209.5,dev,14
orange009,orange,top,orange009T(15).JPG,209.5,dev,15
orange009,orange,top,orange009T(16).JPG,209.5,dev,16
orange010,orange,side,orange010S(1).JPG,234.0,dev,1
orange010,orange,side,orange010S(2).JPG,234.0,dev,2
orange010,orange,side,orange010S(3).JPG,234.0,dev,3
orange010,orange,side,orange010S(4).JPG,234.0,dev,4
orange010,orange,side,orange010S(5).JPG,234.0,dev,5
orange010,orange,side,orange010S(6).JPG,234.0,dev,6
orange010,orange,side,orange010S(7).JPG,234.0,dev,7
orange010,orange,side,orange010S(8).JPG,234.0,dev,8
orange010,orange,side,orange010S(9).JPG,234.0,dev,9
orange010,orange,side,orange010S(10).JPG,234.0,dev,10
orange010,orange,side,orange010S(11).JPG,234.0,dev,11
orange010,orange,side,orange010S(12).JPG,234.0,dev,12
orange010,orange,side,orange010S(13).JPG,234.0,dev,13
orange010,orange,top,orange010T(1).JPG,234.0,dev,1
orange010,orange,top,orange010T(2).JPG,234.0,dev,2
orange010,orange,top,orange010T(3).JPG,234.0,dev,3
orange010,orange,top,orange010T(4).JPG,234.0,dev,4
orange010,orange,top,orange010T(5).JPG,234.0,dev,5
orange010,orange,top,orange010T(6).JPG,234.0,dev,6
orange010,orange,top,orange010T(7).JPG,234.0,dev,7
orange010,orange,top,orange010T(8).JPG,234.0,dev,8
orange010,orange,top,orange010T(9).JPG,234.0,dev,9
orange010,orange,top,orange010T(10).JPG,234.0,dev,10
orange010,orange,top,orange010T(11).JPG,234.0,dev,11
orange010,orange,top,orange010T(12).JPG,234.0,dev,12
orange010,orange,top,orange010T(13).JPG,234.0,dev,13
orange011,orange,side,orange011S(1).JPG,222.0,dev,1
orange011,orange,side,orange011S(2).JPG,222.0,dev,2
orange011,orange,side,orange011S(3).JPG,222.0,dev,3
orange011,orange,side,orange011S(4).JPG,222.0,dev,4
orange011,orange,side,orange011S(5).JPG,222.0,dev,5
orange011,orange,side,orange011S(6).JPG,222.0,dev,6
orange011,orange,side,orange011S(7).JPG,222.0,dev,7
orange011,orange,side,orange011S(8).JPG,222.0,dev,8
orange011,orange,side,orange011S(9).JPG,222.0,dev,9
orange011,orange,side,orange011S(10).JPG,222.0,dev,10
orange011,orange,side,orange011S(11).JPG,222.0,dev,11
orange011,orange,side,orange011S(12).JPG,222.0,dev,12
orange011,orange,side,orange011S(13).JPG,222.0,dev,13
orange011,orange,side,orange011S(14).JPG,222.0,dev,14
orange011,orange,side,orange011S(15).JPG,222.0,dev,15
orange011,orange,side,orange011S(16).JPG,222.0,dev,16
orange011,orange,side,orange011S(17).JPG,222.0,dev,17
orange011,orange,side,orange011S(18).JPG,222.0,dev,18
orange011,orange,top,orange011T(1).JPG,222.0,dev,1
orange011,orange,top,orange011T(2).JPG,222.0,dev,2
orange011,orange,top,orange011T(3).JPG,222.0,dev,3
orange011,orange,top,orange011T(4).JPG,222.0,dev,4
orange011,orange,top,orange011T(5).JPG,222.0,dev,5
orange011,orange,top,orange011T(6).JPG,222.0,dev,6
orange011,orange,top,orange011T(7).JPG,222.0,dev,7
orange011,orange,top,orange011T(8).JPG,222.0,dev,8
orange011,orange,top,orange011T(9).JPG,222.0,dev,9
orange011,orange,top,orange011T(10).JPG,222.0,dev,10
orange011,orange,top,orange011T(11).JPG,222.0,dev,11
orange011,orange,top,orange011T(12).JPG,222.0,dev,12
orange011,orange,top,orange011T(13).JPG,222.0,dev,13
orange011,orange,top,orange011T(14).JPG,222.0,dev,14
orange011,orange,top,orange011T(15).JPG,222.0,dev,15
orange011,orange,top,orange011T(16).JPG,222.0,dev,16
orange011,orange,top,orange011T(17).JPG,222.0,dev,17
orange011,orange,top,orange011T(18).JPG,222.0,dev,18
orange012,orange,side,orange012S(1).JPG,177.3,holdout,1
orange012,orange,side,orange012S(2).JPG,177.3,holdout,2
orange012,orange,side,orange012S(3).JPG,177.3,holdout,3
orange012,orange,side,orange012S(4).JPG,177.3,holdout,4
orange012,orange,side,orange012S(5).JPG,177.3,holdout,5
orange012,orange,side,orange012S(6).JPG,177.3,holdout,6
orange012,orange,side,orange012S(7).JPG,177.3,holdout,7
orange012,orange,side,orange012S(8).JPG,177.3,holdout,8
orange012,orange,side,orange012S(9).JPG,177.3,holdout,9
orange012,orange,top,orange012T(1).JPG,177.3,holdout,1
orange012,orange,top,orange012T(2).JPG,177.3,holdout,2
orange012,orange,top,orange012T(3).JPG,177.3,holdout,3
orange012,orange,top,orange012T(4).JPG,177.3,holdout,4
orange012,orange,top,orange012T(5).JPG,177.3,holdout,5
orange012,orange,top,orange012T(6).JPG,177.3,holdout,6
orange012,orange,top,orange012T(7).JPG,177.3,holdout,7
orange012,orange,top,orange012T(8).JPG,177.3,holdout,8
orange012,orange,top,orange012T(9).JPG,177.3,holdout,9
orange013,orange,side,orange013S(1).JPG,162.3,holdout,1
orange013,orange,side,orange013S(2).JPG,162.3,holdout,2
orange013,orange,side,orange013S(3).JPG,162.3,holdout,3
orange013,orange,side,orange013S(4).JPG,162.3,holdout,4
orange013,orange,side,orange013S(5).JPG,162.3,holdout,5
orange013,orange,top,orange013T(1).JPG,162.3,holdout,1
orange013,orange,top,orange013T(2).JPG,162.3,holdout,2
orange013,orange,top,orange013T(3).JPG,162.3,holdout,3
orange013,orange,top,orange013T(4).JPG,162.3,holdout,4
orange013,orange,top,orange013T(5).JPG,162.3,holdout,5
orange014,orange,side,orange014S(1).JPG,167.5,dev,1
orange014,orange,side,orange014S(2).JPG,167.5,dev,2
orange014,orange,side,orange014S(3).JPG,167.5,dev,3
orange014,orange,top,orange014T(1).JPG,167.5,dev,1
orange014,orange,top,orange014T(2).JPG,167.5,dev,2
orange014,orange,top,orange014T(3).JPG,167.5,dev,3
orange015,orange,side,orange015S(1).JPG,179.7,dev,1
orange015,orange,side,orange015S(2).JPG,179.7,dev,2
orange015,orange,side,orange015S(3).JPG,179.7,dev,3
orange015,orange,side,orange015S(4).JPG,179.7,dev,4
orange015,orange,side,orange015S(5).JPG,179.7,dev,5
orange015,orange,side,orange015S(6).JPG,179.7,dev,6
orange015,orange,top,orange015T(1).JPG,179.7,dev,1
orange015,orange,top,orange015T(2).JPG,179.7,dev,2
orange015,orange,top,orange015T(3).JPG,179.7,dev,3
orange015,orange,top,orange015T(4).JPG,179.7,dev,4
orange015,orange,top,orange015T(5).JPG,179.7,dev,5
orange015,orange,top,orange015T(6).JPG,179.7,dev,6
pear001,pear,side,pear001S(1).JPG,249.0,holdout,1
pear001,pear,side,pear001S(2).JPG,249.0,holdout,2
pear001,pear,side,pear001S(3).JPG,249.0,holdout,3
pear001,pear,side,pear001S(4).JPG,249.0,holdout,4
pear001,pear,side,pear001S(5).JPG,249.0,holdout,5
pear001,pear,side,pear001S(6).JPG,249.0,holdout,6
pear001,pear,side,pear001S(7).JPG,249.0,holdout,7
pear001,pear,side,pear001S(8).JPG,249.0,holdout,8
pear001,pear,side,pear001S(9).JPG,249.0,holdout,9
pear001,pear,side,pear001S(10).JPG,249.0,holdout,10
pear001,pear,side,pear001S(11).JPG,249.0,holdout,11
pear001,pear,side,pear001S(12).JPG,249.0,holdout,12
pear001,pear,side,pear001S(13).JPG,249.0,holdout,13
pear001,pear,side,pear001S(14).JPG,249.0,holdout,14
pear001,pear,side,pear001S(15).JPG,249.0,holdout,15
pear001,pear,side,pear001S(16).JPG,249.0,holdout,16
pear001,pear,top,pear001T(1).JPG,249.0,holdout,1
pear001,pear,top,pear001T(2).JPG,249.0,holdout,2
pear001,pear,top,pear001T(3).JPG,249.0,holdout,3
pear001,pear,top,pear001T(4).JPG,249.0,holdout,4
pear001,pear,top,pear001T(5).JPG,249.0,holdout,5
pear001,pear,top,pear001T(6).JPG,249.0,holdout,6
pear001,pear,top,pear001T(7).JPG,249.0,holdout,7
pear001,pear,top,pear001T(8).JPG,249.0,holdout,8
pear001,pear,top,pear001T(9).JPG,249.0,holdout,9
pear001,pear,top,pear001T(10).JPG,249.0,holdout,10
pear001,pear,top,pear001T(11).JPG,249.0,holdout,11
pear001,pear,top,pear001T(12).JPG,249.0,holdout,12
pear001,pear,top,pear001T(13).JPG,249.0,holdout,13
pear001,pear,top,pear001T(14).JPG,249.0,holdout,14
pear001,pear,top,pear001T(15).JPG,249.0,holdout,15
pear001,pear,top,pear001T(16).JPG,249.0,holdout,16
pear002,pear,side,pear002S(1).JPG,205.5,dev,1
pear002,pear,side,pear002S(2).JPG,205.5,dev,2
pear002,pear,side,pear002S(3).JPG,205.5,dev,3
pear002,pear,side,pear002S(4).JPG,205.5,dev,4
pear002,pear,side,pear002S(5).JPG,205.5,dev,5
pear002,pear,side,pear002S(6).JPG,205.5,dev,6
pear002,pear,side,pear002S(7).JPG,205.5,dev,7
pear002,pear,side,pear002S(8).JPG,205.5,dev,8
pear002,pear,side,pear002S(9).JPG,205.5,dev,9
pear002,pear,side,pear002S(10).JPG,205.5,dev,10
pear002,pear,side,pear002S(11).JPG,205.5,dev,11
pear002,pear,side,pear002S(12).JPG,205.5,dev,12
pear002,pear,side,pear002S(13).JPG,205.5,dev,13
pear002,pear,side,pear002S(14).JPG,205.5,dev,14
pear002,pear,side,pear002S(15).JPG,205.5,dev,15
pear002,pear,side,pear002S(16).JPG,205.5,dev,16
pear002,pear,side,pear002S(17).JPG,205.5,dev,17
pear002,pear,side,pear002S(18).JPG,205.5,dev,18
pear002,pear,side,pear002S(19).JPG,205.5,dev,19
pear002,pear,side,pear002S(20).JPG,205.5,dev,20
pear002,pear,top,pear002T(1).JPG,205.5,dev,1
pear002,pear,top,pear002T(2).JPG,205.5,dev,2
pear002,pear,top,pear002T(3).JPG,205.5,dev,3
pear002,pear,top,pear002T(4).JPG,205.5,dev,4
pear002,pear,top,pear002T(5).JPG,205.5,dev,5
pear002,pear,top,pear002T(6).JPG,205.5,dev,6
pear002,pear,top,pear002T(7).JPG,205.5,dev,7
pear002,pear,top,pear002T(8).JPG,205.5,dev,8
pear002,pear,top,pear002T(9).JPG,205.5,dev,9
pear002,pear,top,pear002T(10).JPG,205.5,dev,10
pear002,pear,top,pear002T(11).JPG,205.5,dev,11
pear002,pear,top,pear002T(12).JPG,205.5,dev,12
pear002,pear,top,pear002T(13).JPG,205.5,dev,13
pear002,pear,top,pear002T(14).JPG,205.5,dev,14
pear002,pear,top,pear002T(15).JPG,205.5,dev,15
pear002,pear,top,pear002T(16).JPG,205.5,dev,16
pear002,pear,top,pear002T(17).JPG,205.5,dev,17
pear002,pear,top,pear002T(18).JPG,205.5,dev,18
pear002,pear,top,pear002T(19).JPG,205.5,dev,19
pear002,pear,top,pear002T(20).JPG,205.5,dev,20
pear003,pear,side,pear003S(1).JPG,280.0,dev,1
pear003,pear,side,pear003S(2).JPG,280.0,dev,2
pear003,pear,side,pear003S(3).JPG,280.0,dev,3
pear003,pear,side,pear003S(4).JPG,280.0,dev,4
pear003,pear,side,pear003S(5).JPG,280.0,dev,5
pear003,pear,side,pear003S(6).JPG,280.0,dev,6
pear003,pear,side,pear003S(7).JPG,280.0,dev,7
pear003,pear,side,pear003S(8).JPG,280.0,dev,8
pear003,pear,side,pear003S(9).JPG,280.0,dev,9
pear003,pear,side,pear003S(10).JPG,280.0,dev,10
pear003,pear,side,pear003S(11).JPG,280.0,dev,11
pear003,pear,side,pear003S(12).JPG,280.0,dev,12
pear003,pear,side,pear003S(13).JPG,280.0,dev,13
pear003,pear,side,pear003S(14).JPG,280.0,dev,14
pear003,pear,side,pear003S(15).JPG,280.0,dev,15
pear003,pear,side,pear003S(16).JPG,280.0,dev,16
pear003,pear,top,pear003T(1).JPG,280.0,dev,1
pear003,pear,top,pear003T(2).JPG,280.0,dev,2
pear003,pear,top,pear003T(3).JPG,280.0,dev,3
pear003,pear,top,pear003T(4).JPG,280.0,dev,4
pear003,pear,top,pear003T(5).JPG,280.0,dev,5
pear003,pear,top,pear003T(6).JPG,280.0,dev,6
pear003,pear,top,pear003T(7).JPG,280.0,dev,7
pear003,pear,top,pear003T(8).JPG,280.0,dev,8
pear003,pear,top,pear003T(9).JPG,280.0,dev,9
pear003,pear,top,pear003T(10).JPG,280.0,dev,10
pear003,pear,top,pear003T(11).JPG,280.0,dev,11
pear003,pear,top,pear003T(12).JPG,280.0,dev,12
pear003,pear,top,pear003T(13).JPG,280.0,dev,13
pear003,pear,top,pear003T(14).JPG,280.0,dev,14
pear003,pear,top,pear003T(15).JPG,280.0,dev,15
pear003,pear,top,pear003T(16).JPG,280.0,dev,16
pear004,pear,side,pear004S(1).JPG,247.0,dev,1
pear004,pear,side,pear004S(2).JPG,247.0,dev,2
pear004,pear,side,pear004S(3).JPG,247.0,dev,3
pear004,pear,side,pear004S(4).JPG,247.0,dev,4
pear004,pear,side,pear004S(5).JPG,247.0,dev,5
pear004,pear,side,pear004S(6).JPG,247.0,dev,6
pear004,pear,side,pear004S(7).JPG,247.0,dev,7
pear004,pear,side,pear004S(8).JPG,247.0,dev,8
pear004,pear,side,pear004S(9).JPG,247.0,dev,9
pear004,pear,side,pear004S(10).JPG,247.0,dev,10
pear004,pear,side,pear004S(11).JPG,247.0,dev,11
pear004,pear,side,pear004S(12).JPG,247.0,dev,12
pear004,pear,side,pear004S(13).JPG,247.0,dev,13
pear004,pear,side,pear004S(14).JPG,247.0,dev,14
pear004,pear,side,pear004S(15).JPG,247.0,dev,15
pear004,pear,top,pear004T(1).JPG,247.0,dev,1
pear004,pear,top,pear004T(2).JPG,247.0,dev,2
pear004,pear,top,pear004T(3).JPG,247.0,dev,3
pear004,pear,top,pear004T(4).JPG,247.0,dev,4
pear004,pear,top,pear004T(5).JPG,247.0,dev,5
pear004,pear,top,pear004T(6).JPG,247.0,dev,6
pear004,pear,top,pear004T(7).JPG,247.0,dev,7
pear004,pear,top,pear004T(8).JPG,247.0,dev,8
pear004,pear,top,pear004T(9).JPG,247.0,dev,9
pear004,pear,top,pear004T(10).JPG,247.0,dev,10
pear004,pear,top,pear004T(11).JPG,247.0,dev,11
pear004,pear,top,pear004T(12).JPG,247.0,dev,12
pear004,pear,top,pear004T(13).JPG,247.0,dev,13
pear004,pear,top,pear004T(14).JPG,247.0,dev,14
pear004,pear,top,pear004T(15).JPG,247.0,dev,15
pear005,pear,side,pear005S(1).JPG,197.5,dev,1
pear005,pear,side,pear005S(2).JPG,197.5,dev,2
pear005,pear,side,pear005S(3).JPG,197.5,dev,3
pear005,pear,side,pear005S(4).JPG,197.5,dev,4
pear005,pear,side,pear005S(5).JPG,197.5,dev,5
pear005,pear,side,pear005S(6).JPG,197.5,dev,6
pear005,pear,side,pear005S(7).JPG,197.5,dev,7
pear005,pear,top,pear005T(1).JPG,197.5,dev,1
pear005,pear,top,pear005T(2).JPG,197.5,dev,2
pear005,pear,top,pear005T(3).JPG,197.5,dev,3
pear005,pear,top,pear005T(4).JPG,197.5,dev,4
pear005,pear,top,pear005T(5).JPG,197.5,dev,5
pear005,pear,top,pear005T(6).JPG,197.5,dev,6
pear005,pear,top,pear005T(7).JPG,197.5,dev,7
pear006,pear,side,pear006S(1).JPG,200.5,holdout,1
pear006,pear,side,pear006S(2).JPG,200.5,holdout,2
pear006,pear,side,pear006S(3).JPG,200.5,holdout,3
pear006,pear,side,pear006S(4).JPG,200.5,holdout,4
pear006,pear,side,pear006S(5).JPG,200.5,holdout,5
pear006,pear,side,pear006S(6).JPG,200.5,holdout,6
pear006,pear,side,pear006S(7).JPG,200.5,holdout,7
pear006,pear,side,pear006S(8).JPG,200.5,holdout,8
pear006,pear,side,pear006S(9).JPG,200.5,holdout,9
pear006,pear,top,pear006T(1).JPG,200.5,holdout,1
pear006,pear,top,pear006T(2).JPG,200.5,holdout,2
pear006,pear,top,pear006T(3).JPG,200.5,holdout,3
pear006,pear,top,pear006T(4).JPG,200.5,holdout,4
pear006,pear,top,pear006T(5).JPG,200.5,holdout,5
pear006,pear,top,pear006T(6).JPG,200.5,holdout,6
pear006,pear,top,pear006T(7).JPG,200.5,holdout,7
pear006,pear,top,pear006T(8).JPG,200.5,holdout,8
pear006,pear,top,pear006T(9).JPG,200.5,holdout,9
qiwi001,qiwi,side,qiwi001S(1).JPG,154.4,dev,1
qiwi001,qiwi,side,qiwi001S(2).JPG,154.4,dev,2
qiwi001,qiwi,side,qiwi001S(3).JPG,154.4,dev,3
qiwi001,qiwi,side,qiwi001S(4).JPG,154.4,dev,4
qiwi001,qiwi,top,qiwi001T(1).JPG,154.4,dev,1
qiwi001,qiwi,top,qiwi001T(2).JPG,154.4,dev,2
qiwi001,qiwi,top,qiwi001T(3).JPG,154.4,dev,3
qiwi001,qiwi,top,qiwi001T(4).JPG,154.4,dev,4
qiwi002,qiwi,side,qiwi002S(1).JPG,154.9,dev,1
qiwi002,qiwi,side,qiwi002S(2).JPG,154.9,dev,2
qiwi002,qiwi,side,qiwi002S(3).JPG,154.9,dev,3
qiwi002,qiwi,top,qiwi002T(1).JPG,154.9,dev,1
qiwi002,qiwi,top,qiwi002T(2).JPG,154.9,dev,2
qiwi002,qiwi,top,qiwi002T(3).JPG,154.9,dev,3
qiwi003,qiwi,side,qiwi003S(1).JPG,144.6,dev,1
qiwi003,qiwi,side,qiwi003S(2).JPG,144.6,dev,2
qiwi003,qiwi,side,qiwi003S(3).JPG,144.6,dev,3
qiwi003,qiwi,side,qiwi003S(4).JPG,144.6,dev,4
qiwi003,qiwi,top,qiwi003T(1).JPG,144.6,dev,1
qiwi003,qiwi,top,qiwi003T(2).JPG,144.6,dev,2
qiwi003,qiwi,top,qiwi003T(3).JPG,144.6,dev,3
qiwi003,qiwi,top,qiwi003T(4).JPG,144.6,dev,4
qiwi004,qiwi,side,qiwi004S(1).JPG,185.8,dev,1
qiwi004,qiwi,side,qiwi004S(2).JPG,185.8,dev,2
qiwi004,qiwi,side,qiwi004S(3).JPG,185.8,dev,3
qiwi004,qiwi,side,qiwi004S(4).JPG,185.8,dev,4
qiwi004,qiwi,side,qiwi004S(5).JPG,185.8,dev,5
qiwi004,qiwi,side,qiwi004S(6).JPG,185.8,dev,6
qiwi004,qiwi,side,qiwi004S(7).JPG,185.8,dev,7
qiwi004,qiwi,side,qiwi004S(8).JPG,185.8,dev,8
qiwi004,qiwi,top,qiwi004T(1).JPG,185.8,dev,1
qiwi004,qiwi,top,qiwi004T(2).JPG,185.8,dev,2
qiwi004,qiwi,top,qiwi004T(3).JPG,185.8,dev,3
qiwi004,qiwi,top,qiwi004T(4).JPG,185.8,dev,4
qiwi004,qiwi,top,qiwi004T(5).JPG,185.8,dev,5
qiwi004,qiwi,top,qiwi004T(6).JPG,185.8,dev,6
qiwi004,qiwi,top,qiwi004T(7).JPG,185.8,dev,7
qiwi004,qiwi,top,qiwi004T(8).JPG,185.8,dev,8
qiwi005,qiwi,side,qiwi005S(1).JPG,196.0,dev,1
qiwi005,qiwi,side,qiwi005S(2).JPG,196.0,dev,2
qiwi005,qiwi,side,qiwi005S(3).JPG,196.0,dev,3
qiwi005,qiwi,side,qiwi005S(4).JPG,196.0,dev,4
qiwi005,qiwi,side,qiwi005S(5).JPG,196.0,dev,5
qiwi005,qiwi,side,qiwi005S(6).JPG,196.0,dev,6
qiwi005,qiwi,side,qiwi005S(7).JPG,196.0,dev,7
qiwi005,qiwi,side,qiwi005S(8).JPG,196.0,dev,8
qiwi005,qiwi,top,qiwi005T(1).JPG,196.0,dev,1
qiwi005,qiwi,top,qiwi005T(2).JPG,196.0,dev,2
qiwi005,qiwi,top,qiwi005T(3).JPG,196.0,dev,3
qiwi005,qiwi,top,qiwi005T(4).JPG,196.0,dev,4
qiwi005,qiwi,top,qiwi005T(5).JPG,196.0,dev,5
qiwi005,qiwi,top,qiwi005T(6).JPG,196.0,dev,6
qiwi005,qiwi,top,qiwi005T(7).JPG,196.0,dev,7
qiwi005,qiwi,top,qiwi005T(8).JPG,196.0,dev,8
qiwi006,qiwi,side,qiwi006S(1).JPG,127.5,holdout,1
qiwi006,qiwi,side,qiwi006S(2).JPG,127.5,holdout,2
qiwi006,qiwi,side,qiwi006S(3).JPG,127.5,holdout,3
qiwi006,qiwi,side,qiwi006S(4).JPG,127.5,holdout,4
qiwi006,qiwi,side,qiwi006S(5).JPG,127.5,holdout,5
qiwi006,qiwi,side,qiwi006S(6).JPG,127.5,holdout,6
qiwi006,qiwi,side,qiwi006S(7).JPG,127.5,holdout,7
qiwi006,qiwi,side,qiwi006S(8).JPG,127.5,holdout,8
qiwi006,qiwi,side,qiwi006S(9).JPG,127.5,holdout,9
qiwi006,qiwi,side,qiwi006S(10).JPG,127.5,holdout,10
qiwi006,qiwi,side,qiwi006S(11).JPG,127.5,holdout,11
qiwi006,qiwi,side,qiwi006S(12).JPG,127.5,holdout,12
qiwi006,qiwi,top,qiwi006T(1).JPG,127.5,holdout,1
qiwi006,qiwi,top,qiwi006T(2).JPG,127.5,holdout,2
qiwi006,qiwi,top,qiwi006T(3).JPG,127.5,holdout,3
qiwi006,qiwi,top,qiwi006T(4).JPG,127.5,holdout,4
qiwi006,qiwi,top,qiwi006T(5).JPG,127.5,holdout,5
qiwi006,qiwi,top,qiwi006T(6).JPG,127.5,holdout,6
qiwi006,qiwi,top,qiwi006T(7).JPG,127.5,holdout,7
qiwi006,qiwi,top,qiwi006T(8).JPG,127.5,holdout,8
qiwi006,qiwi,top,qiwi006T(9).JPG,127.5,holdout,9
qiwi006,qiwi,top,qiwi006T(10).JPG,127.5,holdout,10
qiwi006,qiwi,top,qiwi006T(11).JPG,127.5,holdout,11
qiwi006,qiwi,top,qiwi006T(12).JPG,127.5,holdout,12
qiwi007,qiwi,side,qiwi007S(1).JPG,152.2,dev,1
qiwi007,qiwi,side,qiwi007S(2).JPG,152.2,dev,2
qiwi007,qiwi,side,qiwi007S(3).JPG,152.2,dev,3
qiwi007,qiwi,side,qiwi007S(4).JPG,152.2,dev,4
qiwi007,qiwi,side,qiwi007S(5).JPG,152.2,dev,5
qiwi007,qiwi,side,qiwi007S(6).JPG,152.2,dev,6
qiwi007,qiwi,side,qiwi007S(7).JPG,152.2,dev,7
qiwi007,qiwi,side,qiwi007S(8).JPG,152.2,dev,8
qiwi007,qiwi,side,qiwi007S(9).JPG,152.2,dev,9
qiwi007,qiwi,side,qiwi007S(10).JPG,152.2,dev,10
qiwi007,qiwi,side,qiwi007S(11).JPG,152.2,dev,11
qiwi007,qiwi,side,qiwi007S(12).JPG,152.2,dev,12
qiwi007,qiwi,top,qiwi007T(1).JPG,152.2,dev,1
qiwi007,qiwi,top,qiwi007T(2).JPG,152.2,dev,2
qiwi007,qiwi,top,qiwi007T(3).JPG,152.2,dev,3
qiwi007,qiwi,top,qiwi007T(4).JPG,152.2,dev,4
qiwi007,qiwi,top,qiwi007T(5).JPG,152.2,dev,5
qiwi007,qiwi,top,qiwi007T(6).JPG,152.2,dev,6
qiwi007,qiwi,top,qiwi007T(7).JPG,152.2,dev,7
qiwi007,qiwi,top,qiwi007T(8).JPG,152.2,dev,8
qiwi007,qiwi,top,qiwi007T(9).JPG,152.2,dev,9
qiwi007,qiwi,top,qiwi007T(10).JPG,152.2,dev,10
qiwi007,qiwi,top,qiwi007T(11).JPG,152.2,dev,11
qiwi007,qiwi,top,qiwi007T(12).JPG,152.2,dev,12
qiwi008,qiwi,side,qiwi008S(1).JPG,52.1,holdout,1
qiwi008,qiwi,side,qiwi008S(2).JPG,52.1,holdout,2
qiwi008,qiwi,side,qiwi008S(3).JPG,52.1,holdout,3
qiwi008,qiwi,side,qiwi008S(4).JPG,52.1,holdout,4
qiwi008,qiwi,side,qiwi008S(5).JPG,52.1,holdout,5
qiwi008,qiwi,side,qiwi008S(6).JPG,52.1,holdout,6
qiwi008,qiwi,side,qiwi008S(7).JPG,52.1,holdout,7
qiwi008,qiwi,side,qiwi008S(8).JPG,52.1,holdout,8
qiwi008,qiwi,side,qiwi008S(9).JPG,52.1,holdout,9
qiwi008,qiwi,top,qiwi008T(1).JPG,52.1,holdout,1
qiwi008,qiwi,top,qiwi008T(2).JPG,52.1,holdout,2
qiwi008,qiwi,top,qiwi008T(3).JPG,52.1,holdout,3
qiwi008,qiwi,top,qiwi008T(4).JPG,52.1,holdout,4
qiwi008,qiwi,top,qiwi008T(5).JPG,52.1,holdout,5
qiwi008,qiwi,top,qiwi008T(6).JPG,52.1,holdout,6
qiwi008,qiwi,top,qiwi008T(7).JPG,52.1,holdout,7
qiwi008,qiwi,top,qiwi008T(8).JPG,52.1,holdout,8
qiwi008,qiwi,top,qiwi008T(9).JPG,52.1,holdout,9
